0,https://park.ajinomoto.co.jp/recipe/card/701144/
1,https://park.ajinomoto.co.jp/recipe/card/200256/
2,https://park.ajinomoto.co.jp/recipe/card/801286/
3,https://beergirl.net/bjrecipe_1126/
4,https://park.ajinomoto.co.jp/recipe/card/702939/
5,https://park.ajinomoto.co.jp/recipe/card/800778/
6,https://recipe.rakuten.co.jp/recipe/1390013349/
7,https://recipe.rakuten.co.jp/recipe/1260005183/
8,https://park.ajinomoto.co.jp/recipe/card/707597/
9,https://beergirl.net/bjrecipe_1133/
10,https://park.ajinomoto.co.jp/recipe/card/709197/
11,https://cookpad.com/recipe/6405616
12,https://recipe.rakuten.co.jp/recipe/1610006106/
13,https://recipe.rakuten.co.jp/recipe/1390006884/
14,https://cookpad.com/recipe/6423380
15,https://beergirl.net/bjrecipe_1129/
16,https://park.ajinomoto.co.jp/recipe/card/707592/
17,https://beergirl.net/bjrecipe_1127/
18,https://beergirl.net/bjrecipe_1131/
19,https://cookpad.com/recipe/6419180
20,https://beergirl.net/bjrecipe_1138/
21,https://recipe.rakuten.co.jp/recipe/1920015402/
22,https://park.ajinomoto.co.jp/recipe/card/706025/
23,https://park.ajinomoto.co.jp/recipe/card/708235/
24,https://beergirl.net/bjrecipe_1140/
25,https://recipe.rakuten.co.jp/recipe/1510011724/
26,https://park.ajinomoto.co.jp/recipe/card/706034/
27,https://recipe.rakuten.co.jp/recipe/1780015259/
28,https://recipe.rakuten.co.jp/recipe/1780013076/
29,https://recipe.rakuten.co.jp/recipe/1560004060/
30,https://cookpad.com/recipe/6414339
31,https://cookpad.com/recipe/6423801
32,https://park.ajinomoto.co.jp/recipe/card/706041/
33,https://park.ajinomoto.co.jp/recipe/card/801384/
34,https://beergirl.net/bjrecipe_1130/
35,https://recipe.rakuten.co.jp/recipe/1270005448/
36,https://park.ajinomoto.co.jp/recipe/card/801531/
37,https://park.ajinomoto.co.jp/recipe/card/706161/
38,https://beergirl.net/bjrecipe_1137/
39,https://beergirl.net/bjrecipe_1125/
40,https://recipe.rakuten.co.jp/recipe/1780016229/
41,https://park.ajinomoto.co.jp/recipe/card/703168/
42,https://recipe.rakuten.co.jp/recipe/1390005074/
43,https://park.ajinomoto.co.jp/recipe/card/801512/
44,https://park.ajinomoto.co.jp/recipe/card/707283/
45,https://beergirl.net/bjrecipe_1136/
46,https://recipe.rakuten.co.jp/recipe/1590004888/
47,https://park.ajinomoto.co.jp/recipe/card/800777/
48,https://recipe.rakuten.co.jp/recipe/1490006111/
49,https://cookpad.com/recipe/6421060
50,https://cookpad.com/recipe/6423084
51,https://beergirl.net/bjrecipe_1135/
52,https://recipe.rakuten.co.jp/recipe/1390010182/
53,https://park.ajinomoto.co.jp/recipe/card/710400/
54,https://cookpad.com/recipe/6423638
55,https://beergirl.net/bjrecipe_1128/
56,https://beergirl.net/bjrecipe_1139/
57,https://recipe.rakuten.co.jp/recipe/1670016370/
58,https://cookpad.com/recipe/6423033
59,https://park.ajinomoto.co.jp/recipe/card/801443/
60,https://park.ajinomoto.co.jp/recipe/card/705918/
61,https://cookpad.com/recipe/6407261
62,https://park.ajinomoto.co.jp/recipe/card/800316/
63,https://park.ajinomoto.co.jp/recipe/card/801513/
64,https://recipe.rakuten.co.jp/recipe/1390003221/
65,https://park.ajinomoto.co.jp/recipe/card/800779/
66,https://park.ajinomoto.co.jp/recipe/card/801525/
67,https://recipe.rakuten.co.jp/recipe/1990034504/
68,https://park.ajinomoto.co.jp/recipe/card/800940/
69,https://cookpad.com/dining/recipes/2757853
70,https://recipe.rakuten.co.jp/recipe/1570000468/
71,https://beergirl.net/bjrecipe_1132/
72,https://recipe.rakuten.co.jp/recipe/1390013855/
73,https://beergirl.net/bjrecipe_1134/
74,https://park.ajinomoto.co.jp/recipe/card/704291/
