0,www.buzzfeed.com
1,www.kora-honten.jp
2,recipe.sp.findfriends.jp
3,www.kibunesou.com
4,www.miotsukushi-movie.jp
5,search.rakuten.co.jp
6,www.natori.co.jp
7,www.ginzalion.jp
8,www.skylark.co.jp
9,www.glico.com
10,shufufufu.blog.fc2.com
11,www.google.co.jp
12,kinarino.jp
13,apps.apple.com
14,delishkitchen.tv
15,www.orangepage.net
16,nestle.jp
17,www.shibaparkhotel.com
18,www.murakamifarm.com
19,www.recipe-blog.jp
20,gucci-fuufu.com
21,www.ebarafoods.com
22,7premium.jp
23,www.seria-group.com
24,www.ajino-hyoshiro.co.jp
25,www.okashi-web.com
26,store.shopping.yahoo.co.jp
27,www.muji.com
28,www.rakuten.ne.jp
29,www.toyota-hotel.co.jp
30,www.granvia-osaka.jp
31,www.cr-hotel.com
32,www.kondatekun.com
33,cookpad.com
34,www.hashizokun.com
35,recipe.cotta.jp
36,www.nisshin-oillio.com
37,www.icho.co.jp
38,www.associa.com
39,www.club.t-fal.co.jp
40,yoshikei-dvlp.co.jp
41,www.meitetsu-gh.co.jp
42,www.ritz-carlton.co.jp
43,recipe.suntory.co.jp
44,boniq.jp
45,sp.asahibeer.co.jp
46,cafemeal.muji.com
47,cgc-kitchen365.jp
48,sakecompetition.com
49,www.satofull.jp
50,www.ukai.co.jp
51,rt-clubnet.jp
52,www.speedcooking.jp
53,macaro-ni.jp
54,hidakaya.hiday.co.jp
55,www.gyomusuper.jp
56,www.smartcooking.jp
57,www.shiroyama-g.co.jp
58,www.lecreuset.co.jp
59,www.calpis.co.jp
60,chikae.co.jp
61,omocoro.jp
62,www.sasaraya-kakibei.com
63,www.e-rocky.co.jp
64,recipe.kirin.co.jp
65,www.maff.go.jp
66,www.nhk.or.jp
67,www.belc.jp
68,www.s-recipe.com
69,www.palacehoteltokyo.com
70,pf.gree.jp
71,asahi-sauna.co.jp
72,www.ichiko-susi.com
73,www.cakepia.info
74,www.oyatsu.co.jp
75,www.rokutanjuku.com
76,www.westin-osaka.co.jp
77,sabar38.com
78,panasonic.jp
79,www.kaldi.co.jp
80,ameblo.jp
81,www.meiji-yakata.com
82,www.vitacraft.co.jp
83,www.amazon.co.jp
84,www.kani-honke.co.jp
85,developers.google.com
86,www.tg-cooking.jp
87,www.ntv.co.jp
88,madamefigaro.jp
89,daidokolog.pal-system.co.jp
90,www.befco.jp
91,www.daiichisankyo.co.jp
92,www.kubara.jp
93,owners.vermicular.jp
94,www.tokyuhotels.co.jp
95,www.kurashiru.com
96,zangihotei.com
97,www.tbs.co.jp
98,www.kyounoryouri.jp
99,www.campbellsoup.co.jp
100,www.kayanoya.com
101,www.hotelgajoen-tokyo.com
102,www.morinagamilk.co.jp
103,mi-journey.jp
104,www.hotelnikkoniigata.jp
105,www.marukome.co.jp
106,life.ja-group.jp
107,beergirl.net
108,www.cafeglobe.com
109,www.recipe.nestle.co.jp
110,recipe.yamasa.com
111,official.ameba.jp
112,www.rph.co.jp
113,www.kisoji.co.jp
114,www.fukuinkan.co.jp
115,tomiz.com
116,www.mizkan.co.jp
117,www.seiyu.co.jp
118,www.meiji.co.jp
119,www.morinaga.co.jp
120,cook-healsio.jp
121,drinx.kirin.co.jp
122,www.fugamaki.com
123,g.chaoo.jp
124,www.imperialhotel.co.jp
125,www.misbit.com
126,recipe.tabelatte.jp
127,game-tsutaya.tsite.jp
128,park.ajinomoto.co.jp
129,recipe.ajs.gr.jp
130,nsk-shokumirai.com
131,www.sekizenkan.co.jp
132,www.ichinoyu.co.jp
133,rembrandt-group.com
134,www.maruesu-web.co.jp
135,www.sunplaza.jp
136,www.nihonbashi-kabou.co.jp
137,www.gyukaku.ne.jp
138,www.sbfoods.co.jp
139,www.picard-frozen.jp
140,www.cook-healsio.jp
141,www.egami-cooking.co.jp
142,www.suntory.co.jp
143,ryouri-kentei.jp
144,www.thermos.jp
145,www.yotsuba.co.jp
146,www.hiltonodaiba.jp
147,reed.lion.co.jp
148,www.1101.com
149,www.kanza.jp
150,satoyama-zenhouse.com
151,books.bunka.ac.jp
152,recipe.gnavi.co.jp
153,www.rikenvitamin.jp
154,www.maikovilla.co.jp
155,store.tsite.jp
156,www.ikinariya.co.jp
157,hobbyjapan.co.jp
158,web-ace.jp
159,www.partsclub.jp
160,www.laria.jp
161,recipe.kewpie.co.jp
162,twitter.com
163,cookingschool.jp
164,www.naramikasa.com
165,omakase.in
166,shopping.geocities.jp
167,www.hotelmonterey.co.jp
168,flipclip.info
169,www.facebook.com
170,www.newtaiyo.com
171,allabout.co.jp
172,www.lettuceclub.net
173,oceans-nadia.com
174,www.stv.jp
175,www.nagatanien.co.jp
176,www.asahibeer.co.jp
177,www.yutori.co.jp
178,www.tabizen.com
179,www.shibatashoten.co.jp
180,stcousair.jp
181,www.hamayuu.co.jp
182,www.meg-snow.com
183,recipe.rakuten.co.jp
184,www.tenryuji.com
185,www.keioplaza.co.jp
186,www.sirogohan.com
187,news.yahoo.co.jp
188,kirei.biglobe.ne.jp
189,recipes.yahoo.co.jp
190,www.sapporobeer.jp
191,www.betterhome.jp
192,www.tadaku.com
193,www.kewpie.co.jp
194,akiakane.jp
195,cookien.com
196,www.chunagon.com
197,www.asahi.co.jp
198,ryl.anabuki-enter.jp
199,event.rakuten.co.jp
200,www.coleman.co.jp
201,uminoniwa.jp
202,www9.nhk.or.jp
203,www.tokyo.grandnikko.com
204,recipe.meshprj.com
205,www.ohashi-group.com
206,dic.nicovideo.jp
207,kotobank.jp
208,www.fish-cooking.com
209,www.bh-recipe.jp
210,www.nikka.com
211,d.rt-c.co.jp
212,calorepi.com
213,tabelog.com
214,www.ajinomoto.co.jp
215,www.nisshin.com
216,www.otsumami-cafe.jp
217,www.kikkoman.co.jp
218,toiro-note.com
219,www.kiwaseisakujo.jp
220,erecipe.woman.excite.co.jp
221,www.abc-cooking.co.jp
222,sonomono.jp
223,www.diamond-hotel.co.jp
224,www1.nhk.or.jp
225,item.rakuten.co.jp
226,www.toshiba-lifestyle.co.jp
227,www.instagram.com
228,www.kibun.co.jp
229,recipe.nifty.com
230,www.choco-recipe.jp
231,esse-online.jp
232,1000bero.net
233,housefoods.jp
234,hairrecipe.jp
235,www3.mizkan.co.jp
236,hinode-mirin.co.jp
237,theokuratokyo.jp
238,ie-men.jp
239,www.yodobashi.com
240,gogyofuku.com
241,www.its-kenpo.or.jp
242,ejje.weblio.jp
243,www.recipe.mitene.or.jp
244,www.bob-an.com
245,hb.afl.rakuten.co.jp
246,www.momoya.co.jp
247,www.balmuda.com
248,www.sugiyo.co.jp
249,kisuke.co.jp
250,www.kadoya.com
251,www.kakuyasu.co.jp
252,www.princehotels.co.jp
253,kurashinista.jp
254,chefgohan.gnavi.co.jp
255,kinokolabo.jp
256,777fm.com
257,shopping.yahoo.co.jp
258,www.interconti.co.jp
259,www.gourmet-recipe.com
260,www.tv-tokyo.co.jp
261,www.rakuten.co.jp
262,www.watami-takushoku.co.jp
263,gourmet.goo.ne.jp
264,news.cookpad.com
265,www.iwatsukaseika.co.jp
266,ja.wikipedia.org
267,www.higashimaru.co.jp
268,www.tokyo-gas.co.jp
269,www.hotel-sakan.com
270,www.kagome.co.jp
271,www.linguee.com
272,play.google.com
273,www.tepore.com
274,mokushop.jp
275,www.lotte.co.jp
276,www.urashimachain.co.jp
277,www.hotpepper.jp
278,www.family.co.jp
279,nihonryouri.jp
280,www.sanko-seika.co.jp
281,deli.takara-butz.co.jp
282,queen-recipe.jp
283,www.rihga.co.jp
284,www.hiltontokyo.jp
285,www.yamamoto-noriten.co.jp
286,jp.apps.gree.net
287,shop-cocco.jp
288,blog.livedoor.jp
289,www.youtube.com
